"10/26/16 10:20","手机QQ","文件传输","1.0.242.35","泰国","59.37.96.17","深圳","","","1010101010","202020202","android","1111.txt","汉语","10/26/16 10:20","10/26/16 10:30"
"10/26/16 10:20","手机QQ","文件传输","1.0.242.35","泰国","59.37.96.17","深圳","","","1010101010","202020202","android","1111.txt","汉语","10/26/16 10:20","10/26/16 10:30"
"10/26/16 10:20","手机QQ","文件传输","1.0.242.35","泰国","59.37.96.17","深圳","","","1010101010","202020202","android","1111.txt","汉语","10/26/16 10:20","10/26/16 10:30"
"10/26/16 10:20","手机QQ","文件传输","1.0.242.35","泰国","59.37.96.17","深圳","","","1010101010","202020202","android","1111.txt","汉语","10/26/16 10:20","10/26/16 10:30"
"10/26/16 10:20","手机QQ","文件传输","1.0.242.35","泰国","59.37.96.17","深圳","","","1010101010","202020202","android","1111.txt","汉语","10/26/16 10:20","10/26/16 10:30"
"10/26/16 10:20","手机QQ","文件传输","1.0.242.35","泰国","59.37.96.17","深圳","","","1010101010","202020202","android","1111.txt","汉语","10/26/16 10:20","10/26/16 10:30"
"10/26/16 10:20","手机QQ","文件传输","1.0.242.35","泰国","59.37.96.17","深圳","","","1010101010","202020202","android","1111.txt","汉语","10/26/16 10:20","10/26/16 10:30"
"10/26/16 10:20","手机QQ","文件传输","1.0.242.35","泰国","59.37.96.17","深圳","","","1010101010","202020202","android","1111.txt","汉语","10/26/16 10:20","10/26/16 10:30"
"10/26/16 10:20","手机QQ","文件传输","1.0.242.35","泰国","59.37.96.17","深圳","","","1010101010","202020202","android","1111.txt","汉语","10/26/16 10:20","10/26/16 10:30"
"10/26/16 10:20","手机QQ","文件传输","1.0.242.35","泰国","59.37.96.17","深圳","","","1010101010","202020202","android","1111.txt","汉语","10/26/16 10:20","10/26/16 10:30"
"10/26/16 10:20","手机QQ","文件传输","1.0.242.35","泰国","59.37.96.17","深圳","","","1010101010","202020202","android","1111.txt","汉语","10/26/16 10:20","10/26/16 10:30"
"10/26/16 10:20","手机QQ","文件传输","1.0.242.35","泰国","59.37.96.17","深圳","","","1010101010","202020202","android","1111.txt","汉语","10/26/16 10:20","10/26/16 10:30"
"10/26/16 10:20","手机QQ","文件传输","1.0.242.35","泰国","59.37.96.17","深圳","","","1010101010","202020202","android","1111.txt","汉语","10/26/16 10:20","10/26/16 10:30"
"10/26/16 10:20","手机QQ","文件传输","1.0.242.35","泰国","59.37.96.17","深圳","","","1010101010","202020202","android","1111.txt","汉语","10/26/16 10:20","10/26/16 10:30"
"10/26/16 10:20","手机QQ","文件传输","1.0.242.35","泰国","59.37.96.17","深圳","","","1010101010","202020202","android","1111.txt","汉语","10/26/16 10:20","10/26/16 10:30"
"10/26/16 10:20","手机QQ","文件传输","1.0.242.35","泰国","59.37.96.17","深圳","","","1010101010","202020202","android","1111.txt","汉语","10/26/16 10:20","10/26/16 10:30"
"10/26/16 10:20","手机QQ","文件传输","1.0.242.35","泰国","59.37.96.17","深圳","","","1010101010","202020202","android","1111.txt","汉语","10/26/16 10:20","10/26/16 10:30"
"10/26/16 10:20","手机QQ","文件传输","1.0.242.35","泰国","59.37.96.17","深圳","","","1010101010","202020202","android","1111.txt","汉语","10/26/16 10:20","10/26/16 10:30"
"10/26/16 10:20","手机QQ","文件传输","1.0.242.35","泰国","59.37.96.17","深圳","","","1010101010","202020202","android","1111.txt","汉语","10/26/16 10:20","10/26/16 10:30"
"10/26/16 10:20","手机QQ","文件传输","1.0.242.35","泰国","59.37.96.17","深圳","","","1010101010","202020202","android","1111.txt","汉语","10/26/16 10:20","10/26/16 10:30"
"10/26/16 10:20","手机QQ","文件传输","1.0.242.35","泰国","59.37.96.17","深圳","","","1010101010","202020202","android","1111.txt","汉语","10/26/16 10:20","10/26/16 10:30"
"10/26/16 10:20","手机QQ","文件传输","1.0.242.35","泰国","59.37.96.17","深圳","","","1010101010","202020202","android","1111.txt","汉语","10/26/16 10:20","10/26/16 10:30"
"10/26/16 10:20","手机QQ","文件传输","1.0.242.35","泰国","59.37.96.17","深圳","","","1010101010","202020202","android","1111.txt","汉语","10/26/16 10:20","10/26/16 10:30"
"10/26/16 10:20","手机QQ","文件传输","1.0.242.35","泰国","59.37.96.17","深圳","","","1010101010","202020202","android","1111.txt","汉语","10/26/16 10:20","10/26/16 10:30"
"10/26/16 10:20","手机QQ","文件传输","1.0.242.35","泰国","59.37.96.17","深圳","","","1010101010","202020202","android","1111.txt","汉语","10/26/16 10:20","10/26/16 10:30"
"10/26/16 10:20","手机QQ","文件传输","1.0.242.35","泰国","59.37.96.17","深圳","","","1010101010","202020202","android","1111.txt","汉语","10/26/16 10:20","10/26/16 10:30"
